<?xml version="1.0" encoding="UTF-8"?>
<!-- Created by COPASI version 4.24 (Build 197) on 2018-10-26 14:16 with libSBML version 5.17.0. -->
<sbml xmlns="http://www.sbml.org/sbml/level2/version4" level="2" version="4">
  <model metaid="COPASI0" id="New_Model" name="New Model">
    <annotation>
      <COPASI xmlns="http://www.copasi.org/static/sbml">
        <rdf:RDF xmlns:dcterms="http://purl.org/dc/terms/" xmlns:rdf="http://www.w3.org/1999/02/22-rdf-syntax-ns#">
          <rdf:Description rdf:about="#COPASI0">
            <dcterms:created>
              <rdf:Description>
                <dcterms:W3CDTF>2018-10-26T14:08:29Z</dcterms:W3CDTF>
              </rdf:Description>
            </dcterms:created>
          </rdf:Description>
        </rdf:RDF>
      </COPASI>
    </annotation>
    <listOfFunctionDefinitions>
      <functionDefinition metaid="COPASI5" id="PKC_Selectivity" name="PKC_Selectivity">
        <annotation>
          <COPASI xmlns="http://www.copasi.org/static/sbml">
            <rdf:RDF xmlns:dcterms="http://purl.org/dc/terms/" xmlns:rdf="http://www.w3.org/1999/02/22-rdf-syntax-ns#">
              <rdf:Description rdf:about="#COPASI5">
                <dcterms:created>
                  <rdf:Description>
                    <dcterms:W3CDTF>2018-10-26T14:11:11Z</dcterms:W3CDTF>
                  </rdf:Description>
                </dcterms:created>
              </rdf:Description>
            </rdf:RDF>
          </COPASI>
        </annotation>
        <math xmlns="http://www.w3.org/1998/Math/MathML">
          <lambda>
            <bvar>
              <ci> Q </ci>
            </bvar>
            <bvar>
              <ci> x </ci>
            </bvar>
            <apply>
              <plus/>
              <apply>
                <divide/>
                <cn> 1 </cn>
                <apply>
                  <plus/>
                  <apply>
                    <times/>
                    <apply>
                      <plus/>
                      <apply>
                        <times/>
                        <apply>
                          <minus/>
                          <ci> Q </ci>
                          <apply>
                            <divide/>
                            <apply>
                              <minus/>
                              <cn> 0.3615 </cn>
                            </apply>
                            <apply>
                              <abs/>
                              <apply>
                                <minus/>
                                <apply>
                                  <minus/>
                                  <cn> 1.1089 </cn>
                                </apply>
                                <apply>
                                  <minus/>
                                  <cn> 0.3615 </cn>
                                </apply>
                              </apply>
                            </apply>
                          </apply>
                        </apply>
                        <apply>
                          <abs/>
                          <apply>
                            <minus/>
                            <cn> 0.000252446 </cn>
                            <apply>
                              <times/>
                              <cn> 7.32572 </cn>
                              <apply>
                                <power/>
                                <cn> 10 </cn>
                                <apply>
                                  <minus/>
                                  <cn> 7 </cn>
                                </apply>
                              </apply>
                            </apply>
                          </apply>
                        </apply>
                      </apply>
                      <apply>
                        <times/>
                        <cn> 7.32572 </cn>
                        <apply>
                          <power/>
                          <cn> 10 </cn>
                          <apply>
                            <minus/>
                            <cn> 7 </cn>
                          </apply>
                        </apply>
                      </apply>
                    </apply>
                    <apply>
                      <power/>
                      <ci> x </ci>
                      <cn> 2 </cn>
                    </apply>
                  </apply>
                  <apply>
                    <times/>
                    <apply>
                      <plus/>
                      <apply>
                        <times/>
                        <apply>
                          <minus/>
                          <ci> Q </ci>
                          <apply>
                            <divide/>
                            <apply>
                              <minus/>
                              <cn> 0.3615 </cn>
                            </apply>
                            <apply>
                              <abs/>
                              <apply>
                                <minus/>
                                <apply>
                                  <minus/>
                                  <cn> 1.1089 </cn>
                                </apply>
                                <apply>
                                  <minus/>
                                  <cn> 0.3615 </cn>
                                </apply>
                              </apply>
                            </apply>
                          </apply>
                        </apply>
                        <apply>
                          <abs/>
                          <apply>
                            <minus/>
                            <cn> 0.000390764 </cn>
                            <apply>
                              <times/>
                              <apply>
                                <minus/>
                                <cn> 2.522 </cn>
                              </apply>
                              <apply>
                                <power/>
                                <cn> 10 </cn>
                                <apply>
                                  <minus/>
                                  <cn> 5 </cn>
                                </apply>
                              </apply>
                            </apply>
                          </apply>
                        </apply>
                      </apply>
                      <apply>
                        <times/>
                        <apply>
                          <minus/>
                          <cn> 2.522 </cn>
                        </apply>
                        <apply>
                          <power/>
                          <cn> 10 </cn>
                          <apply>
                            <minus/>
                            <cn> 5 </cn>
                          </apply>
                        </apply>
                      </apply>
                    </apply>
                    <ci> x </ci>
                  </apply>
                  <apply>
                    <times/>
                    <apply>
                      <minus/>
                      <ci> Q </ci>
                      <apply>
                        <divide/>
                        <apply>
                          <minus/>
                          <cn> 0.3615 </cn>
                        </apply>
                        <apply>
                          <abs/>
                          <apply>
                            <minus/>
                            <apply>
                              <minus/>
                              <cn> 1.1089 </cn>
                            </apply>
                            <apply>
                              <minus/>
                              <cn> 0.3615 </cn>
                            </apply>
                          </apply>
                        </apply>
                      </apply>
                    </apply>
                    <apply>
                      <abs/>
                      <apply>
                        <minus/>
                        <cn> 0.009988323 </cn>
                        <cn> 0.009716564 </cn>
                      </apply>
                    </apply>
                  </apply>
                  <cn> 0.009716564 </cn>
                </apply>
              </apply>
              <apply>
                <divide/>
                <cn> 1 </cn>
                <apply>
                  <plus/>
                  <apply>
                    <times/>
                    <apply>
                      <plus/>
                      <apply>
                        <times/>
                        <apply>
                          <minus/>
                          <ci> Q </ci>
                          <apply>
                            <divide/>
                            <apply>
                              <minus/>
                              <cn> 0.3615 </cn>
                            </apply>
                            <apply>
                              <abs/>
                              <apply>
                                <minus/>
                                <apply>
                                  <minus/>
                                  <cn> 1.1089 </cn>
                                </apply>
                                <apply>
                                  <minus/>
                                  <cn> 0.3615 </cn>
                                </apply>
                              </apply>
                            </apply>
                          </apply>
                        </apply>
                        <apply>
                          <abs/>
                          <apply>
                            <minus/>
                            <apply>
                              <minus/>
                              <cn> 0.003516288 </cn>
                            </apply>
                            <apply>
                              <minus/>
                              <cn> 0.004548684 </cn>
                            </apply>
                          </apply>
                        </apply>
                      </apply>
                      <apply>
                        <minus/>
                        <cn> 0.004548684 </cn>
                      </apply>
                    </apply>
                    <apply>
                      <power/>
                      <ci> x </ci>
                      <cn> 2 </cn>
                    </apply>
                  </apply>
                  <apply>
                    <times/>
                    <apply>
                      <plus/>
                      <apply>
                        <times/>
                        <apply>
                          <minus/>
                          <ci> Q </ci>
                          <apply>
                            <divide/>
                            <apply>
                              <minus/>
                              <cn> 0.3615 </cn>
                            </apply>
                            <apply>
                              <abs/>
                              <apply>
                                <minus/>
                                <apply>
                                  <minus/>
                                  <cn> 1.1089 </cn>
                                </apply>
                                <apply>
                                  <minus/>
                                  <cn> 0.3615 </cn>
                                </apply>
                              </apply>
                            </apply>
                          </apply>
                        </apply>
                        <apply>
                          <minus/>
                          <cn> 0.034242133 </cn>
                          <cn> 0.022723416 </cn>
                        </apply>
                      </apply>
                      <cn> 0.022723416 </cn>
                    </apply>
                    <ci> x </ci>
                  </apply>
                  <apply>
                    <times/>
                    <apply>
                      <minus/>
                      <ci> Q </ci>
                      <apply>
                        <divide/>
                        <apply>
                          <minus/>
                          <cn> 0.3615 </cn>
                        </apply>
                        <apply>
                          <abs/>
                          <apply>
                            <minus/>
                            <apply>
                              <minus/>
                              <cn> 1.1089 </cn>
                            </apply>
                            <apply>
                              <minus/>
                              <cn> 0.3615 </cn>
                            </apply>
                          </apply>
                        </apply>
                      </apply>
                    </apply>
                    <apply>
                      <abs/>
                      <apply>
                        <minus/>
                        <cn> 0.154443778 </cn>
                        <cn> 0.007188724 </cn>
                      </apply>
                    </apply>
                  </apply>
                  <cn> 0.007188724 </cn>
                </apply>
              </apply>
              <apply>
                <divide/>
                <cn> 1 </cn>
                <apply>
                  <plus/>
                  <apply>
                    <times/>
                    <apply>
                      <plus/>
                      <apply>
                        <times/>
                        <apply>
                          <minus/>
                          <ci> Q </ci>
                          <apply>
                            <divide/>
                            <apply>
                              <minus/>
                              <cn> 0.3615 </cn>
                            </apply>
                            <apply>
                              <abs/>
                              <apply>
                                <minus/>
                                <apply>
                                  <minus/>
                                  <cn> 1.1089 </cn>
                                </apply>
                                <apply>
                                  <minus/>
                                  <cn> 0.3615 </cn>
                                </apply>
                              </apply>
                            </apply>
                          </apply>
                        </apply>
                        <apply>
                          <abs/>
                          <apply>
                            <minus/>
                            <cn> 6.024096386 </cn>
                            <apply>
                              <minus/>
                              <cn type="e-notation"> 1.48251 <sep/> -5 </cn>
                            </apply>
                          </apply>
                        </apply>
                      </apply>
                      <apply>
                        <minus/>
                        <cn type="e-notation"> 1.48251 <sep/> -5 </cn>
                      </apply>
                    </apply>
                    <apply>
                      <power/>
                      <ci> x </ci>
                      <cn> 2 </cn>
                    </apply>
                  </apply>
                  <apply>
                    <times/>
                    <apply>
                      <plus/>
                      <apply>
                        <times/>
                        <apply>
                          <minus/>
                          <ci> Q </ci>
                          <apply>
                            <divide/>
                            <apply>
                              <minus/>
                              <cn> 0.3615 </cn>
                            </apply>
                            <apply>
                              <abs/>
                              <apply>
                                <minus/>
                                <apply>
                                  <minus/>
                                  <cn> 1.1089 </cn>
                                </apply>
                                <apply>
                                  <minus/>
                                  <cn> 0.3615 </cn>
                                </apply>
                              </apply>
                            </apply>
                          </apply>
                        </apply>
                        <apply>
                          <abs/>
                          <apply>
                            <minus/>
                            <cn> 0.755323845 </cn>
                            <cn> 0.000698704 </cn>
                          </apply>
                        </apply>
                      </apply>
                      <cn> 0.000698704 </cn>
                    </apply>
                    <ci> x </ci>
                  </apply>
                  <apply>
                    <times/>
                    <apply>
                      <minus/>
                      <ci> Q </ci>
                      <apply>
                        <divide/>
                        <apply>
                          <minus/>
                          <cn> 0.3615 </cn>
                        </apply>
                        <apply>
                          <abs/>
                          <apply>
                            <minus/>
                            <apply>
                              <minus/>
                              <cn> 1.1089 </cn>
                            </apply>
                            <apply>
                              <minus/>
                              <cn> 0.3615 </cn>
                            </apply>
                          </apply>
                        </apply>
                      </apply>
                    </apply>
                    <apply>
                      <abs/>
                      <apply>
                        <minus/>
                        <cn> 0.010045353 </cn>
                        <apply>
                          <minus/>
                          <cn> 4.034809564 </cn>
                        </apply>
                      </apply>
                    </apply>
                  </apply>
                  <apply>
                    <minus/>
                    <cn> 4.034809564 </cn>
                  </apply>
                </apply>
              </apply>
              <apply>
                <divide/>
                <cn> 1 </cn>
                <apply>
                  <plus/>
                  <apply>
                    <times/>
                    <apply>
                      <plus/>
                      <apply>
                        <times/>
                        <apply>
                          <minus/>
                          <ci> Q </ci>
                          <apply>
                            <divide/>
                            <apply>
                              <minus/>
                              <cn> 0.3615 </cn>
                            </apply>
                            <apply>
                              <abs/>
                              <apply>
                                <minus/>
                                <apply>
                                  <minus/>
                                  <cn> 1.1089 </cn>
                                </apply>
                                <apply>
                                  <minus/>
                                  <cn> 0.3615 </cn>
                                </apply>
                              </apply>
                            </apply>
                          </apply>
                        </apply>
                        <apply>
                          <abs/>
                          <apply>
                            <minus/>
                            <cn> 0.015811503 </cn>
                            <apply>
                              <minus/>
                              <cn> 0.000127998 </cn>
                            </apply>
                          </apply>
                        </apply>
                      </apply>
                      <apply>
                        <minus/>
                        <cn> 0.000127998 </cn>
                      </apply>
                    </apply>
                    <apply>
                      <power/>
                      <ci> x </ci>
                      <cn> 2 </cn>
                    </apply>
                  </apply>
                  <apply>
                    <times/>
                    <apply>
                      <plus/>
                      <apply>
                        <times/>
                        <apply>
                          <minus/>
                          <ci> Q </ci>
                          <apply>
                            <divide/>
                            <apply>
                              <minus/>
                              <cn> 0.3615 </cn>
                            </apply>
                            <apply>
                              <abs/>
                              <apply>
                                <minus/>
                                <apply>
                                  <minus/>
                                  <cn> 1.1089 </cn>
                                </apply>
                                <apply>
                                  <minus/>
                                  <cn> 0.3615 </cn>
                                </apply>
                              </apply>
                            </apply>
                          </apply>
                        </apply>
                        <apply>
                          <abs/>
                          <apply>
                            <minus/>
                            <cn> 0.002226404 </cn>
                            <cn> 0.000802586 </cn>
                          </apply>
                        </apply>
                      </apply>
                      <cn> 0.000802586 </cn>
                    </apply>
                    <ci> x </ci>
                  </apply>
                  <apply>
                    <times/>
                    <apply>
                      <minus/>
                      <ci> Q </ci>
                      <apply>
                        <divide/>
                        <apply>
                          <minus/>
                          <cn> 0.3615 </cn>
                        </apply>
                        <apply>
                          <abs/>
                          <apply>
                            <minus/>
                            <apply>
                              <minus/>
                              <cn> 1.1089 </cn>
                            </apply>
                            <apply>
                              <minus/>
                              <cn> 0.3615 </cn>
                            </apply>
                          </apply>
                        </apply>
                      </apply>
                    </apply>
                    <apply>
                      <abs/>
                      <apply>
                        <minus/>
                        <cn> 0.010368028 </cn>
                        <cn> 0.009916392 </cn>
                      </apply>
                    </apply>
                  </apply>
                  <cn> 0.009916392 </cn>
                </apply>
              </apply>
              <apply>
                <times/>
                <apply>
                  <plus/>
                  <apply>
                    <times/>
                    <apply>
                      <minus/>
                      <ci> Q </ci>
                      <apply>
                        <divide/>
                        <apply>
                          <minus/>
                          <cn> 0.3615 </cn>
                        </apply>
                        <apply>
                          <abs/>
                          <apply>
                            <minus/>
                            <apply>
                              <minus/>
                              <cn> 1.1089 </cn>
                            </apply>
                            <apply>
                              <minus/>
                              <cn> 0.3615 </cn>
                            </apply>
                          </apply>
                        </apply>
                      </apply>
                    </apply>
                    <apply>
                      <abs/>
                      <apply>
                        <minus/>
                        <cn> 98.51199309 </cn>
                        <cn> 80.24581288 </cn>
                      </apply>
                    </apply>
                  </apply>
                  <cn> 80.24581288 </cn>
                </apply>
                <apply>
                  <minus/>
                  <cn> 1 </cn>
                  <apply>
                    <exp/>
                    <apply>
                      <times/>
                      <apply>
                        <minus/>
                        <apply>
                          <plus/>
                          <apply>
                            <times/>
                            <apply>
                              <minus/>
                              <ci> Q </ci>
                              <apply>
                                <divide/>
                                <apply>
                                  <minus/>
                                  <cn> 0.3615 </cn>
                                </apply>
                                <apply>
                                  <abs/>
                                  <apply>
                                    <minus/>
                                    <apply>
                                      <minus/>
                                      <cn> 1.1089 </cn>
                                    </apply>
                                    <apply>
                                      <minus/>
                                      <cn> 0.3615 </cn>
                                    </apply>
                                  </apply>
                                </apply>
                              </apply>
                            </apply>
                            <apply>
                              <abs/>
                              <apply>
                                <minus/>
                                <cn> 0.684147291 </cn>
                                <cn> 0.030295897 </cn>
                              </apply>
                            </apply>
                          </apply>
                          <cn> 0.030295897 </cn>
                        </apply>
                      </apply>
                      <apply>
                        <plus/>
                        <ci> x </ci>
                        <apply>
                          <times/>
                          <apply>
                            <minus/>
                            <ci> Q </ci>
                            <apply>
                              <divide/>
                              <apply>
                                <minus/>
                                <cn> 0.3615 </cn>
                              </apply>
                              <apply>
                                <abs/>
                                <apply>
                                  <minus/>
                                  <apply>
                                    <minus/>
                                    <cn> 1.1089 </cn>
                                  </apply>
                                  <apply>
                                    <minus/>
                                    <cn> 0.3615 </cn>
                                  </apply>
                                </apply>
                              </apply>
                            </apply>
                          </apply>
                          <apply>
                            <abs/>
                            <apply>
                              <minus/>
                              <cn> 18.09959555 </cn>
                              <cn> 0.591914849 </cn>
                            </apply>
                          </apply>
                        </apply>
                        <cn> 0.591914849 </cn>
                      </apply>
                    </apply>
                  </apply>
                </apply>
              </apply>
              <apply>
                <times/>
                <apply>
                  <plus/>
                  <apply>
                    <times/>
                    <apply>
                      <minus/>
                      <ci> Q </ci>
                      <apply>
                        <divide/>
                        <apply>
                          <minus/>
                          <cn> 0.3615 </cn>
                        </apply>
                        <apply>
                          <abs/>
                          <apply>
                            <minus/>
                            <apply>
                              <minus/>
                              <cn> 1.1089 </cn>
                            </apply>
                            <apply>
                              <minus/>
                              <cn> 0.3615 </cn>
                            </apply>
                          </apply>
                        </apply>
                      </apply>
                    </apply>
                    <apply>
                      <abs/>
                      <apply>
                        <minus/>
                        <cn> 6.539430033 </cn>
                        <apply>
                          <minus/>
                          <cn> 2.789634771 </cn>
                        </apply>
                      </apply>
                    </apply>
                  </apply>
                  <apply>
                    <minus/>
                    <cn> 2.789634771 </cn>
                  </apply>
                </apply>
                <apply>
                  <power/>
                  <ci> x </ci>
                  <cn> 2 </cn>
                </apply>
              </apply>
              <apply>
                <times/>
                <apply>
                  <plus/>
                  <apply>
                    <times/>
                    <apply>
                      <minus/>
                      <ci> Q </ci>
                      <apply>
                        <divide/>
                        <apply>
                          <minus/>
                          <cn> 0.3615 </cn>
                        </apply>
                        <apply>
                          <abs/>
                          <apply>
                            <minus/>
                            <apply>
                              <minus/>
                              <cn> 1.1089 </cn>
                            </apply>
                            <apply>
                              <minus/>
                              <cn> 0.3615 </cn>
                            </apply>
                          </apply>
                        </apply>
                      </apply>
                    </apply>
                    <apply>
                      <abs/>
                      <apply>
                        <minus/>
                        <cn> 16.59126439 </cn>
                        <apply>
                          <minus/>
                          <cn> 48.40123899 </cn>
                        </apply>
                      </apply>
                    </apply>
                  </apply>
                  <apply>
                    <minus/>
                    <cn> 48.40123899 </cn>
                  </apply>
                </apply>
                <ci> x </ci>
              </apply>
              <apply>
                <times/>
                <apply>
                  <minus/>
                  <ci> Q </ci>
                  <apply>
                    <divide/>
                    <apply>
                      <minus/>
                      <cn> 0.3615 </cn>
                    </apply>
                    <apply>
                      <abs/>
                      <apply>
                        <minus/>
                        <apply>
                          <minus/>
                          <cn> 1.1089 </cn>
                        </apply>
                        <apply>
                          <minus/>
                          <cn> 0.3615 </cn>
                        </apply>
                      </apply>
                    </apply>
                  </apply>
                </apply>
                <apply>
                  <abs/>
                  <apply>
                    <minus/>
                    <cn> 96.11892155 </cn>
                    <cn> 81.0147831 </cn>
                  </apply>
                </apply>
              </apply>
              <cn> 81.0147831 </cn>
              <apply>
                <divide/>
                <cn> 1 </cn>
                <apply>
                  <plus/>
                  <apply>
                    <times/>
                    <apply>
                      <plus/>
                      <apply>
                        <times/>
                        <apply>
                          <minus/>
                          <ci> Q </ci>
                          <apply>
                            <divide/>
                            <apply>
                              <minus/>
                              <cn> 0.3615 </cn>
                            </apply>
                            <apply>
                              <abs/>
                              <apply>
                                <minus/>
                                <apply>
                                  <minus/>
                                  <cn> 1.1089 </cn>
                                </apply>
                                <apply>
                                  <minus/>
                                  <cn> 0.3615 </cn>
                                </apply>
                              </apply>
                            </apply>
                          </apply>
                        </apply>
                        <apply>
                          <abs/>
                          <apply>
                            <minus/>
                            <cn> 0.019801419 </cn>
                            <cn> 0.00825534 </cn>
                          </apply>
                        </apply>
                      </apply>
                      <cn> 0.00825534 </cn>
                    </apply>
                    <apply>
                      <power/>
                      <ci> x </ci>
                      <cn> 2 </cn>
                    </apply>
                  </apply>
                  <apply>
                    <times/>
                    <apply>
                      <plus/>
                      <apply>
                        <times/>
                        <apply>
                          <minus/>
                          <ci> Q </ci>
                          <apply>
                            <divide/>
                            <apply>
                              <minus/>
                              <cn> 0.3615 </cn>
                            </apply>
                            <apply>
                              <abs/>
                              <apply>
                                <minus/>
                                <apply>
                                  <minus/>
                                  <cn> 1.1089 </cn>
                                </apply>
                                <apply>
                                  <minus/>
                                  <cn> 0.3615 </cn>
                                </apply>
                              </apply>
                            </apply>
                          </apply>
                        </apply>
                        <apply>
                          <abs/>
                          <apply>
                            <minus/>
                            <cn> 0.030994467 </cn>
                            <apply>
                              <minus/>
                              <cn> 0.00616717 </cn>
                            </apply>
                          </apply>
                        </apply>
                      </apply>
                      <apply>
                        <minus/>
                        <cn> 0.00616717 </cn>
                      </apply>
                    </apply>
                    <ci> x </ci>
                  </apply>
                  <apply>
                    <times/>
                    <apply>
                      <minus/>
                      <ci> Q </ci>
                      <apply>
                        <divide/>
                        <apply>
                          <minus/>
                          <cn> 0.3615 </cn>
                        </apply>
                        <apply>
                          <abs/>
                          <apply>
                            <minus/>
                            <apply>
                              <minus/>
                              <cn> 1.1089 </cn>
                            </apply>
                            <apply>
                              <minus/>
                              <cn> 0.3615 </cn>
                            </apply>
                          </apply>
                        </apply>
                      </apply>
                    </apply>
                    <apply>
                      <abs/>
                      <apply>
                        <minus/>
                        <cn> 0.010138306 </cn>
                        <cn> 0.008827394 </cn>
                      </apply>
                    </apply>
                  </apply>
                  <cn> 0.008827394 </cn>
                </apply>
              </apply>
              <apply>
                <divide/>
                <cn> 1 </cn>
                <apply>
                  <plus/>
                  <apply>
                    <times/>
                    <apply>
                      <plus/>
                      <apply>
                        <times/>
                        <apply>
                          <minus/>
                          <ci> Q </ci>
                          <apply>
                            <divide/>
                            <apply>
                              <minus/>
                              <cn> 0.3615 </cn>
                            </apply>
                            <apply>
                              <abs/>
                              <apply>
                                <minus/>
                                <apply>
                                  <minus/>
                                  <cn> 1.1089 </cn>
                                </apply>
                                <apply>
                                  <minus/>
                                  <cn> 0.3615 </cn>
                                </apply>
                              </apply>
                            </apply>
                          </apply>
                        </apply>
                        <apply>
                          <abs/>
                          <apply>
                            <minus/>
                            <cn> 0.005553292 </cn>
                            <apply>
                              <minus/>
                              <cn> 0.000771146 </cn>
                            </apply>
                          </apply>
                        </apply>
                      </apply>
                      <apply>
                        <minus/>
                        <cn> 0.000771146 </cn>
                      </apply>
                    </apply>
                    <apply>
                      <power/>
                      <ci> x </ci>
                      <cn> 2 </cn>
                    </apply>
                  </apply>
                  <apply>
                    <times/>
                    <apply>
                      <plus/>
                      <apply>
                        <times/>
                        <apply>
                          <minus/>
                          <ci> Q </ci>
                          <apply>
                            <divide/>
                            <apply>
                              <minus/>
                              <cn> 0.3615 </cn>
                            </apply>
                            <apply>
                              <abs/>
                              <apply>
                                <minus/>
                                <apply>
                                  <minus/>
                                  <cn> 1.1089 </cn>
                                </apply>
                                <apply>
                                  <minus/>
                                  <cn> 0.3615 </cn>
                                </apply>
                              </apply>
                            </apply>
                          </apply>
                        </apply>
                        <apply>
                          <abs/>
                          <apply>
                            <minus/>
                            <cn> 0.034905781 </cn>
                            <cn> 0.006200738 </cn>
                          </apply>
                        </apply>
                      </apply>
                      <cn> 0.006200738 </cn>
                    </apply>
                    <ci> x </ci>
                  </apply>
                  <apply>
                    <times/>
                    <apply>
                      <minus/>
                      <ci> Q </ci>
                      <apply>
                        <divide/>
                        <apply>
                          <minus/>
                          <cn> 0.3615 </cn>
                        </apply>
                        <apply>
                          <abs/>
                          <apply>
                            <minus/>
                            <apply>
                              <minus/>
                              <cn> 1.1089 </cn>
                            </apply>
                            <apply>
                              <minus/>
                              <cn> 0.3615 </cn>
                            </apply>
                          </apply>
                        </apply>
                      </apply>
                    </apply>
                    <apply>
                      <abs/>
                      <apply>
                        <minus/>
                        <cn> 0.009344163 </cn>
                        <cn> 0.00763133 </cn>
                      </apply>
                    </apply>
                  </apply>
                  <cn> 0.00763133 </cn>
                </apply>
              </apply>
              <apply>
                <times/>
                <apply>
                  <plus/>
                  <apply>
                    <times/>
                    <apply>
                      <minus/>
                      <ci> Q </ci>
                      <apply>
                        <divide/>
                        <apply>
                          <minus/>
                          <cn> 0.3615 </cn>
                        </apply>
                        <apply>
                          <abs/>
                          <apply>
                            <minus/>
                            <apply>
                              <minus/>
                              <cn> 1.1089 </cn>
                            </apply>
                            <apply>
                              <minus/>
                              <cn> 0.3615 </cn>
                            </apply>
                          </apply>
                        </apply>
                      </apply>
                    </apply>
                    <apply>
                      <abs/>
                      <apply>
                        <minus/>
                        <cn> 1 </cn>
                        <cn type="e-notation"> 3.53885 <sep/> -7 </cn>
                      </apply>
                    </apply>
                  </apply>
                  <cn type="e-notation"> 3.53885 <sep/> -7 </cn>
                </apply>
                <apply>
                  <minus/>
                  <cn> 1 </cn>
                  <apply>
                    <exp/>
                    <apply>
                      <times/>
                      <apply>
                        <minus/>
                        <apply>
                          <plus/>
                          <apply>
                            <times/>
                            <apply>
                              <minus/>
                              <ci> Q </ci>
                              <apply>
                                <divide/>
                                <apply>
                                  <minus/>
                                  <cn> 0.3615 </cn>
                                </apply>
                                <apply>
                                  <abs/>
                                  <apply>
                                    <minus/>
                                    <apply>
                                      <minus/>
                                      <cn> 1.1089 </cn>
                                    </apply>
                                    <apply>
                                      <minus/>
                                      <cn> 0.3615 </cn>
                                    </apply>
                                  </apply>
                                </apply>
                              </apply>
                            </apply>
                            <apply>
                              <abs/>
                              <apply>
                                <minus/>
                                <cn> 8 </cn>
                                <cn> 7.883191904 </cn>
                              </apply>
                            </apply>
                          </apply>
                          <cn> 7.883191904 </cn>
                        </apply>
                      </apply>
                      <apply>
                        <plus/>
                        <ci> x </ci>
                        <apply>
                          <times/>
                          <apply>
                            <minus/>
                            <ci> Q </ci>
                            <apply>
                              <divide/>
                              <apply>
                                <minus/>
                                <cn> 0.3615 </cn>
                              </apply>
                              <apply>
                                <abs/>
                                <apply>
                                  <minus/>
                                  <apply>
                                    <minus/>
                                    <cn> 1.1089 </cn>
                                  </apply>
                                  <apply>
                                    <minus/>
                                    <cn> 0.3615 </cn>
                                  </apply>
                                </apply>
                              </apply>
                            </apply>
                          </apply>
                          <apply>
                            <abs/>
                            <apply>
                              <minus/>
                              <cn> 0.018866062 </cn>
                              <cn> 0.01 </cn>
                            </apply>
                          </apply>
                        </apply>
                        <cn> 0.01 </cn>
                      </apply>
                    </apply>
                  </apply>
                </apply>
              </apply>
              <apply>
                <divide/>
                <cn> 1 </cn>
                <apply>
                  <plus/>
                  <cn> 1 </cn>
                  <apply>
                    <exp/>
                    <apply>
                      <times/>
                      <apply>
                        <minus/>
                        <apply>
                          <plus/>
                          <apply>
                            <times/>
                            <apply>
                              <minus/>
                              <ci> Q </ci>
                              <apply>
                                <divide/>
                                <apply>
                                  <minus/>
                                  <cn> 0.3615 </cn>
                                </apply>
                                <apply>
                                  <abs/>
                                  <apply>
                                    <minus/>
                                    <apply>
                                      <minus/>
                                      <cn> 1.1089 </cn>
                                    </apply>
                                    <apply>
                                      <minus/>
                                      <cn> 0.3615 </cn>
                                    </apply>
                                  </apply>
                                </apply>
                              </apply>
                            </apply>
                            <apply>
                              <abs/>
                              <apply>
                                <minus/>
                                <cn> 0.15731066 </cn>
                                <cn> 0 </cn>
                              </apply>
                            </apply>
                          </apply>
                          <cn> 0 </cn>
                        </apply>
                      </apply>
                      <ci> x </ci>
                    </apply>
                  </apply>
                </apply>
              </apply>
              <apply>
                <divide/>
                <cn> 1 </cn>
                <apply>
                  <plus/>
                  <apply>
                    <times/>
                    <apply>
                      <plus/>
                      <apply>
                        <times/>
                        <apply>
                          <minus/>
                          <ci> Q </ci>
                          <apply>
                            <divide/>
                            <apply>
                              <minus/>
                              <cn> 0.3615 </cn>
                            </apply>
                            <apply>
                              <abs/>
                              <apply>
                                <minus/>
                                <apply>
                                  <minus/>
                                  <cn> 1.1089 </cn>
                                </apply>
                                <apply>
                                  <minus/>
                                  <cn> 0.3615 </cn>
                                </apply>
                              </apply>
                            </apply>
                          </apply>
                        </apply>
                        <apply>
                          <abs/>
                          <apply>
                            <minus/>
                            <cn> 9873.550263 </cn>
                            <apply>
                              <minus/>
                              <cn> 10.870188 </cn>
                            </apply>
                          </apply>
                        </apply>
                      </apply>
                      <apply>
                        <minus/>
                        <cn> 10.870188 </cn>
                      </apply>
                    </apply>
                    <apply>
                      <power/>
                      <ci> x </ci>
                      <cn> 2 </cn>
                    </apply>
                  </apply>
                  <apply>
                    <times/>
                    <apply>
                      <plus/>
                      <apply>
                        <times/>
                        <apply>
                          <minus/>
                          <ci> Q </ci>
                          <apply>
                            <divide/>
                            <apply>
                              <minus/>
                              <cn> 0.3615 </cn>
                            </apply>
                            <apply>
                              <abs/>
                              <apply>
                                <minus/>
                                <apply>
                                  <minus/>
                                  <cn> 1.1089 </cn>
                                </apply>
                                <apply>
                                  <minus/>
                                  <cn> 0.3615 </cn>
                                </apply>
                              </apply>
                            </apply>
                          </apply>
                        </apply>
                        <apply>
                          <abs/>
                          <apply>
                            <minus/>
                            <cn> 0.237549508 </cn>
                            <apply>
                              <minus/>
                              <cn> 16.09973228 </cn>
                            </apply>
                          </apply>
                        </apply>
                      </apply>
                      <apply>
                        <minus/>
                        <cn> 16.09973228 </cn>
                      </apply>
                    </apply>
                    <ci> x </ci>
                  </apply>
                  <apply>
                    <times/>
                    <apply>
                      <minus/>
                      <ci> Q </ci>
                      <apply>
                        <divide/>
                        <apply>
                          <minus/>
                          <cn> 0.3615 </cn>
                        </apply>
                        <apply>
                          <abs/>
                          <apply>
                            <minus/>
                            <apply>
                              <minus/>
                              <cn> 1.1089 </cn>
                            </apply>
                            <apply>
                              <minus/>
                              <cn> 0.3615 </cn>
                            </apply>
                          </apply>
                        </apply>
                      </apply>
                    </apply>
                    <apply>
                      <abs/>
                      <apply>
                        <minus/>
                        <cn> 0.014337017 </cn>
                        <cn> 0.009845674 </cn>
                      </apply>
                    </apply>
                  </apply>
                  <cn> 0.009845674 </cn>
                </apply>
              </apply>
            </apply>
          </lambda>
        </math>
      </functionDefinition>
    </listOfFunctionDefinitions>
    <listOfUnitDefinitions>
      <unitDefinition id="volume" name="volume">
        <listOfUnits>
          <unit kind="litre" exponent="1" scale="-3" multiplier="1"/>
        </listOfUnits>
      </unitDefinition>
      <unitDefinition id="substance" name="substance">
        <listOfUnits>
          <unit kind="mole" exponent="1" scale="-3" multiplier="1"/>
        </listOfUnits>
      </unitDefinition>
    </listOfUnitDefinitions>
    <listOfCompartments>
      <compartment metaid="COPASI1" id="Cell" name="Cell" spatialDimensions="3" size="1e-12" constant="true">
        <annotation>
          <COPASI xmlns="http://www.copasi.org/static/sbml">
            <rdf:RDF xmlns:dcterms="http://purl.org/dc/terms/" xmlns:rdf="http://www.w3.org/1999/02/22-rdf-syntax-ns#">
              <rdf:Description rdf:about="#COPASI1">
                <dcterms:created>
                  <rdf:Description>
                    <dcterms:W3CDTF>2018-10-26T14:12:31Z</dcterms:W3CDTF>
                  </rdf:Description>
                </dcterms:created>
              </rdf:Description>
            </rdf:RDF>
          </COPASI>
        </annotation>
      </compartment>
    </listOfCompartments>
    <listOfSpecies>
      <species id="a" name="a" compartment="Cell" initialConcentration="1" boundaryCondition="false" constant="false"/>
      <species id="b" name="b" compartment="Cell" initialConcentration="1" boundaryCondition="false" constant="false"/>
    </listOfSpecies>
    <listOfReactions>
      <reaction metaid="COPASI4" id="R1_0" name="R1" reversible="false">
        <annotation>
          <COPASI xmlns="http://www.copasi.org/static/sbml">
            <rdf:RDF xmlns:dcterms="http://purl.org/dc/terms/" xmlns:rdf="http://www.w3.org/1999/02/22-rdf-syntax-ns#">
              <rdf:Description rdf:about="#COPASI4">
                <dcterms:created>
                  <rdf:Description>
                    <dcterms:W3CDTF>2018-10-26T14:16:01Z</dcterms:W3CDTF>
                  </rdf:Description>
                </dcterms:created>
              </rdf:Description>
            </rdf:RDF>
          </COPASI>
        </annotation>
        <listOfReactants>
          <speciesReference species="a" stoichiometry="1"/>
        </listOfReactants>
        <listOfProducts>
          <speciesReference species="b" stoichiometry="1"/>
        </listOfProducts>
        <kineticLaw>
          <math xmlns="http://www.w3.org/1998/Math/MathML">
            <apply>
              <times/>
              <ci> Cell </ci>
              <apply>
                <ci> PKC_Selectivity </ci>
                <ci> Q </ci>
                <csymbol encoding="text" definitionURL="http://www.sbml.org/sbml/symbols/time"> time </csymbol>
              </apply>
            </apply>
          </math>
          <listOfParameters>
            <parameter id="Q" name="Q" value="-0.3"/>
          </listOfParameters>
        </kineticLaw>
      </reaction>
    </listOfReactions>
  </model>
</sbml>
